protein_1,protein_2,overlap,trial_idx,hamming_dist,reading_frame,max_barrier,n_mutations,start_z1,start_z2,end_z1,end_z2,success,error
PF00004,PF00041,27,1,280,0,0.2377587086331144,271,-0.011045211610146582,0.0020435115644806736,0.0025923742036744633,-0.0041469473160992846,True,
PF00004,PF00041,27,3,280,0,0.1682051322538269,270,0.004916636106654005,-0.004352177872229804,-0.00014514115956682487,0.008863239739612398,True,
PF00004,PF00041,27,6,280,0,0.2471421259360035,274,0.17484357264637024,0.05664629442542897,0.012819145306658598,0.002387689490950855,True,
PF00004,PF00041,27,0,280,0,0.22508346409544286,273,0.00426835562620639,0.00908901605149601,-0.008606582780482278,0.004527436120789676,True,
PF00004,PF00041,27,7,280,0,0.23688042356093292,271,-0.008843357811932467,-0.007707515231408037,0.010506688147244132,0.015380562989698282,True,
PF00004,PF00041,27,8,280,0,0.2475528913493995,275,0.15461602871102162,-0.0022164377126536053,0.0058934955737872125,0.01855593140391903,True,
PF00004,PF00041,27,9,280,0,0.1814993659567568,274,0.0028181309546016237,0.004151599524629726,0.0012567490524666779,-0.016553668329716196,True,
PF00004,PF00041,27,11,280,0,0.25909490566121957,270,0.0028920915067666884,0.0059324589186582075,-0.015638881689826654,-0.027038208803128273,True,
PF00004,PF00041,27,12,280,0,0.23877656278695117,268,0.019377649911917132,-0.0011536344936923185,-0.0024069051759076044,-0.0039202563373433915,True,
PF00004,PF00041,27,13,280,0,0.23221141415876295,272,0.007789972601090737,0.0012144962231171277,0.008230829027852233,-0.00014462540393448322,True,
PF00004,PF00041,27,14,280,0,0.20460825530903937,270,6.243347545121365e-06,-0.010107196181740531,-0.00330998621401681,-0.0009316802229468818,True,
PF00004,PF00041,27,15,280,0,0.22373538514223582,270,0.009680042140154933,-0.012796466237466463,-0.00515587867564716,-0.003911110593942927,True,
PF00004,PF00041,27,16,280,0,0.1608347202849387,275,0.0004493388762558856,0.0011404238140953218,0.003025729000675124,0.003045879435851372,True,
PF00004,PF00041,27,17,280,0,0.19642533232287893,274,-0.0014205260485166175,-0.002153164446718545,0.008130054395186447,0.0006078265275942802,True,
PF00004,PF00041,27,19,280,0,0.21119174906059968,271,-0.005402369778039522,-0.01015428995817219,0.00040569377840999124,0.0034189759929894505,True,
PF00004,PF00041,39,2,280,0,0.30745175662013663,267,-0.01041193219741378,0.008961528896634223,-0.12299739500229719,0.18445436161783943,True,
PF00004,PF00041,39,0,280,0,0.23109401387767725,265,-0.09023175307383252,-0.036912544853707915,-0.06489928719280942,-0.0008549973015373196,True,
PF00004,PF00041,39,4,280,0,0.21288214642670134,270,0.00764194996319657,0.013108783881766948,0.000594123902601972,0.01722006544909971,True,
PF00004,PF00041,39,1,280,0,0.23535198342763164,266,-0.06692965754193227,-0.0184928598224768,0.047142291424889175,0.13587366863495212,True,
PF00004,PF00041,39,8,280,0,0.24819996385398677,265,0.0016591524432388169,0.018660053013221933,0.005511657106561249,0.0020803078077469804,True,
PF00004,PF00041,39,7,280,0,0.19544186264699073,262,0.013101766738502406,0.011627669210881418,0.04498189296628589,0.0031911147526508315,True,
PF00004,PF00041,39,11,280,0,0.16943742515570903,264,-0.011239619000389842,0.0016311269015805566,0.05726020107246784,-0.0036483760750582687,True,
PF00004,PF00041,39,12,280,0,0.18701425317541678,269,-0.004032690184756966,-0.010256817332209324,0.001482144364199309,0.014154989091394475,True,
PF00004,PF00041,39,13,280,0,0.5496507102226753,267,-0.15487180492731634,0.394778905295359,0.0030008838346407434,0.12481028318841145,True,
PF00004,PF00041,39,14,280,0,0.20848659915316523,261,-0.029030395628680462,0.17138104153230616,-0.009133028825068043,-0.0036380537062600427,True,
PF00004,PF00041,39,15,280,0,0.21119251276228349,265,0.007917427751042228,0.02747243010736803,0.01040445441589807,0.013474938854962508,True,
PF00004,PF00041,39,16,280,0,0.2816542984388566,261,0.0031401605766506776,0.04734961618017828,-0.1956612061491902,0.047236363003240765,True,
PF00004,PF00041,39,17,280,0,0.18957791215634906,270,-0.0006303778109161227,-0.03983497470086139,0.0062103621771248665,-0.003341750274996278,True,
PF00004,PF00041,39,18,280,0,0.39380335164951796,268,-0.19004932847620212,0.20375402317331587,-0.019191808923834895,0.015954245465764384,True,
PF00004,PF00041,39,19,280,0,0.24576725349556378,264,-0.0061426876444335525,-0.004961339023483553,-0.011457526238713657,-0.0011208112334811487,True,
PF00004,PF00041,51,1,280,0,0.5748710563157211,261,0.016333997176158743,0.01183168262859414,0.05131634461791897,0.5235547116978021,True,
PF00004,PF00041,51,4,280,0,0.3429124898445903,264,-0.0013952372803858095,-0.017588789301778367,-0.00881983225754589,0.3340926575870444,True,
PF00004,PF00041,51,0,280,0,0.22756941626865518,263,0.06779043451870573,0.017131353178447797,0.08549512109902187,0.1420742951696333,True,
PF00004,PF00041,51,2,280,0,0.4500854103923064,262,0.03932810653551533,0.1423811411251148,0.09126879198323962,0.1853208214340365,True,
PF00004,PF00041,51,5,280,0,0.5371361878943073,257,0.4378688630370432,0.09926732485726414,0.0602741171294134,0.015276178288132863,True,
PF00004,PF00041,51,6,280,0,0.40215714288943755,266,0.09652600707070645,0.3056311358187311,-0.018035535315869967,0.00020390368150504905,True,
PF00004,PF00041,51,9,280,0,0.24833873039540214,260,-0.013693343761885194,0.013733429733494455,0.0037563938519877844,0.00219070139081194,True,
PF00004,PF00041,51,8,280,0,0.297026857277937,263,0.03586374946836762,0.14800190002040003,0.09953023212328366,0.1468482867023966,True,
PF00004,PF00041,51,10,280,0,0.5227024902115195,262,-0.10190223505720102,0.043350638760971436,-0.031690824981393396,0.46195913939551636,True,
PF00004,PF00041,51,11,280,0,0.710696163504761,270,-0.01192383582625689,0.3434393918082359,0.46026819799106145,0.2504279655136995,True,
PF00004,PF00041,51,15,280,0,0.2766762331530789,261,0.1387384475631257,-0.019576123752022532,0.052337246215136045,0.2097773865308662,True,
PF00004,PF00041,51,14,280,0,0.7498775018198303,264,0.17010794168195137,0.5797695601378788,-0.029974450192670372,0.009446217835751475,True,
PF00004,PF00041,51,17,280,0,0.34470754070883347,261,0.033562243158976,0.30419468831327734,-0.03185839251360225,0.008503422567071296,True,
PF00004,PF00041,51,16,280,0,0.3610981182783505,261,0.04525135683794438,-0.05344355127613955,0.29890397152256387,0.01312447617623737,True,
PF00004,PF00041,51,18,280,0,0.2966424284821678,261,0.007000328250382037,-0.023478755687295936,0.07066752686513608,0.22597490161703176,True,
PF00004,PF00041,51,19,280,0,0.4453940621552864,262,0.26864020130372374,0.08831732367735949,-0.02341659947115749,0.4219774626841289,True,
PF00004,PF00041,63,4,280,0,0.8170725372206796,259,0.0026397667873046863,-0.04065324580066646,0.7971879649507172,-0.01988457226996245,True,
PF00004,PF00041,63,1,280,0,0.3030895560356761,263,0.19468090751298028,-0.017613803412905287,0.04900089292733154,0.02364595169410205,True,
PF00004,PF00041,63,2,280,0,0.7017589903391136,255,0.43993040057711474,0.0882499537847855,0.6996523998030424,0.0021065905360712215,True,
PF00004,PF00041,63,0,280,0,0.879647587360031,259,0.7470871888391167,-0.012179992762305412,0.076377102455204,0.1445201812737595,True,
PF00004,PF00041,63,5,280,0,0.6394233695584451,256,0.6353381311464955,-0.0040852384119495775,0.4501874265353658,0.05562156464097768,True,
PF00004,PF00041,63,6,280,0,0.7522919653214106,260,0.47233637056092675,0.2799555947604839,-0.0037360102567826283,-0.026577244307388358,True,
PF00004,PF00041,63,7,280,0,0.24119620811913575,254,-0.002078754430203103,0.002562260725324794,0.005906280784671166,-0.0038132576940947734,True,
PF00004,PF00041,63,10,280,0,0.6891565691644349,260,0.30330442812763153,-0.023479242969902416,0.6815059397123859,-0.0076506294520489295,True,
PF00004,PF00041,63,11,280,0,0.8620328047849267,259,0.8364528785824868,0.025579926202439915,0.49817104264395895,0.021574058252478143,True,
PF00004,PF00041,63,12,280,0,0.19105789920729782,256,-0.0005198803125578423,0.0020263274258854325,-0.0011865741219353302,0.005296038091715136,True,
PF00004,PF00041,63,13,280,0,0.5522130424831164,252,0.20677130658788406,0.3454417358952323,0.18715590391625755,0.252350068932484,True,
PF00004,PF00041,63,14,280,0,0.6181559559631659,257,0.021571135312625576,0.05271845129891444,0.5919652479740798,-0.003995745490687554,True,
PF00004,PF00041,63,15,280,0,0.9025963581727402,261,0.7762029208977917,-0.018153889438188176,0.671691019362184,-0.002120940916574062,True,
PF00004,PF00041,63,17,280,0,0.7668313783387745,255,0.6628600666533082,0.10397131168546621,0.4674238664683867,0.29617474117133047,True,
PF00004,PF00041,63,18,280,0,0.8362539047353874,259,0.7570848458058024,0.005906217202579996,0.6546846894113317,0.1815692153240557,True,
PF00004,PF00041,75,5,280,0,0.2846241877613625,252,-0.022624734970449,0.002492320970210342,0.032651446083896814,0.01556701505855638,True,
PF00004,PF00041,75,6,280,0,0.4496971722887476,256,-0.025553049423039462,0.012474671133964112,0.34061710532727246,0.03921530988518558,True,
PF00004,PF00041,75,1,280,0,0.28803000348469593,255,0.0031122070071307106,0.028776462169534254,-0.0032060689379789053,-0.0076091636112594,True,
PF00004,PF00041,75,7,280,0,0.24109156750802632,255,0.007703714490593617,-0.010910262863453288,0.003365722907877274,-0.0018786831012442037,True,
PF00004,PF00041,75,9,280,0,0.29634238522914286,247,0.08392401259059368,0.038968761244459756,0.024112382986685863,0.01105535370018132,True,
PF00004,PF00041,75,8,280,0,0.2006037416376306,255,8.124753241652787e-05,-0.0020474287790930687,-0.005773744400734701,-0.006132079910983228,True,
PF00004,PF00041,75,12,280,0,0.1960512507072214,250,-0.002845952377453754,-0.01336912921437843,0.001461093959721236,0.03852319878388552,True,
PF00004,PF00041,75,10,280,0,0.22625943714395347,256,0.0029621622093304605,-0.002969011134116841,0.007976390376028056,0.004798753451092711,True,
PF00004,PF00041,75,14,280,0,0.28641282426322606,249,0.00756881327510088,0.026172044774376978,0.013075628452551431,0.11679573858284946,True,
PF00004,PF00041,75,13,280,0,0.23321951878183683,248,0.0314715890005248,-0.009515451882871397,0.008786816516921531,0.007918688779236942,True,
PF00004,PF00041,75,16,280,0,0.18450576136860303,253,0.004083890130324614,0.009641768771784917,0.0013722586937071491,-0.005378228717757611,True,
PF00004,PF00041,75,15,280,0,0.23430537214510977,255,0.0015026138040972758,-0.0012734540437913146,-0.001532300017684754,-0.024975322383806644,True,
PF00004,PF00041,75,19,280,0,0.23925138154617864,249,0.12036317581605188,-0.04666389181162559,0.030815111053076702,-0.027083662861872446,True,
PF00004,PF00041,87,0,280,0,0.6044879596564092,244,0.3511597775516964,0.2533281821047128,0.019318073205427812,0.03262645869721937,True,
PF00004,PF00041,87,1,280,0,0.42194998814636053,244,0.014323075787438001,0.40583480578722186,0.04393055199204903,0.027353702633783162,True,
PF00004,PF00041,87,4,280,0,0.2169477415542559,252,-0.015928531080262598,0.004965184589438389,-0.05115583357962008,0.012902983598283232,True,
PF00004,PF00041,87,2,280,0,0.35469101107185463,252,0.027253057419715076,0.01413138242621822,0.32908522123087525,0.023706551729023154,True,
PF00004,PF00041,87,5,280,0,0.21867665948273257,249,-0.048027324779223356,0.021056733255794886,0.004787804257565717,0.02373137679440287,True,
PF00004,PF00041,87,7,280,0,0.6881392326326105,245,-0.02064815261481937,0.11369820881313975,0.5023951063277563,0.18574412630485418,True,
PF00004,PF00041,87,6,280,0,0.3211024702872488,247,-0.04848876799599998,0.0036004091682287085,0.17090348663597493,0.06979793718027888,True,
PF00004,PF00041,87,8,280,0,0.3091609283224832,251,-0.14766537017276993,0.07089954023826751,-0.019011827882788917,0.021306090403499633,True,
PF00004,PF00041,87,9,280,0,0.3324496878942125,247,-0.002816094669954157,0.12732874699267913,0.07146561967610746,0.26098406821810505,True,
PF00004,PF00041,87,10,280,0,0.21819427498735458,243,-0.03863329006457897,0.008977474696449949,6.797806377879155e-05,-0.012601619367280607,True,
PF00004,PF00041,87,11,280,0,0.37578860683859794,243,0.2179931205744654,-0.006814270240348603,-0.011374906179824151,0.00822904667512402,True,
PF00004,PF00041,87,12,280,0,0.5407826706139842,246,-0.1186290195709413,0.42215365104304287,0.09750517140256397,0.01765730754211998,True,
PF00004,PF00041,87,14,280,0,0.25632361068520154,245,-0.019990197009223755,0.2226408569689394,0.07016660398854103,0.012510944344671314,True,
PF00004,PF00041,87,16,280,0,0.2700604462183126,248,-0.01932408829996454,0.00346883427427551,0.18102124669370645,-0.009832541984950446,True,
PF00004,PF00041,87,17,280,0,0.43514626227385933,255,-0.002349279045684377,-0.0010041934543200165,0.21852012679754773,0.006687654879628627,True,
PF00004,PF00041,87,18,280,0,0.2052693113903817,249,-0.017781778440743544,0.08816113305085185,0.011826366289093003,0.08303744106193839,True,
PF00004,PF00041,99,4,280,0,1.015797012648298,240,0.6294377948691802,0.3863592177791179,0.387251033156086,0.34418267596198104,True,
PF00004,PF00041,99,0,280,0,1.220893225890876,236,0.4539174536593641,0.7669757722315118,0.6019457397333497,0.4849502335506805,True,
PF00004,PF00041,99,3,280,0,1.0947962543770413,243,0.5821638365250413,0.512632417852,0.8773136022711384,0.04971372889709045,True,
PF00004,PF00041,99,1,280,0,1.0787492337875395,240,0.620309468800937,0.4584397649866025,0.5197921102634329,0.4380790666973386,True,
PF00004,PF00041,99,5,280,0,1.4965762352563061,236,0.8397303834799702,0.6568458517763359,0.6757643716002106,0.30028538015032763,True,
PF00004,PF00041,99,6,280,0,1.246466991512151,233,0.3266307694354865,0.6978963888722658,0.6989307671811009,0.5475362243310501,True,
PF00004,PF00041,99,7,280,0,0.8027580827361784,240,0.7471677058912257,-0.003259658012247981,0.35169564802521036,0.43673515544109054,True,
PF00004,PF00041,99,8,280,0,1.488257973268056,239,0.629427778833554,0.6047069551199905,0.6840508170659035,0.8042071562021526,True,
PF00004,PF00041,99,9,280,0,1.2945561329898205,240,0.0012134133340758048,0.8244565924583094,0.648262157814219,0.6221018348329648,True,
PF00004,PF00041,99,10,280,0,1.6005009480385128,240,0.96495244826909,0.27398875812050777,0.7954895940192699,0.8050113540192431,True,
PF00004,PF00041,99,11,280,0,1.3711009978692272,243,0.7974009241359521,0.5737000737332751,0.5739165841082834,0.3738622413341619,True,
PF00004,PF00041,99,12,280,0,1.2662368234764558,235,0.242647115721807,0.8711564305255022,0.2648258446362001,0.5757513441242481,True,
PF00004,PF00041,99,13,280,0,1.5811067017463631,235,0.6998163186884752,0.2814574942311756,0.9112257715645817,0.6698809301817814,True,
PF00004,PF00041,99,14,280,0,1.3789227709466445,239,0.43049720734721697,0.9484255635994276,0.47761532043017757,0.5805901836175137,True,
PF00004,PF00041,99,15,280,0,1.0216366339199507,243,0.48755786645154964,0.4417046191615189,0.5085833923446237,0.4223813075644644,True,
PF00004,PF00041,99,16,280,0,1.027575506307635,252,0.6772278522420965,0.3503476540655387,0.07566961143325165,0.9339037732448098,True,
PF00004,PF00041,99,18,280,0,0.9458144261383079,239,0.9070630049536555,0.03875142118465236,0.7507242194885289,-0.015960486709216293,True,
PF00004,PF00041,99,19,280,0,1.643972561239144,244,0.849846327612129,0.7317392958774998,0.9147780575361747,0.40493628148015604,True,
PF00004,PF00041,111,0,280,0,0.30624379065392526,228,0.0051214926987733595,0.3011222979551519,-0.01835481716427445,0.0019967540934975486,True,
PF00004,PF00041,111,1,280,0,0.41458258246999813,232,0.012846417277033893,0.013353890903876151,0.11165126313500846,-0.004090942961279768,True,
PF00004,PF00041,111,3,280,0,0.22361085555044458,232,0.025085733788006857,0.120298733695198,0.10340735614418853,0.01024183024957492,True,
PF00004,PF00041,111,2,280,0,0.8344872618476475,234,0.16729581705311342,0.07473058018196517,0.6250810511678624,0.20940621067978518,True,
PF00004,PF00041,111,5,280,0,0.3011412190084095,231,-0.007339226245056577,0.13656208593333655,0.021823713928152175,-0.03524456469151494,True,
PF00004,PF00041,111,4,280,0,0.23182714891540013,231,0.04775572002597904,0.03586694065509986,0.04340525289226208,-0.008356132001994332,True,
PF00004,PF00041,111,6,280,0,0.8484696999829914,234,0.08921087531851678,0.06023153705579417,0.8185895218409149,0.029880178142076396,True,
PF00004,PF00041,111,7,280,0,0.5702918347627778,231,-0.009738619382285034,-0.03748330440686172,0.33434877819430714,0.07487747146203244,True,
PF00004,PF00041,111,8,280,0,0.533316325752146,235,0.0449233919508172,0.20365745111392844,0.40263851701064174,-0.00043164198073413856,True,
PF00004,PF00041,111,10,280,0,0.4471032010903594,233,0.15054934479375337,0.050101904855663126,0.2457808716584926,0.0002555268947628592,True,
PF00004,PF00041,111,11,280,0,0.5667550507447434,238,0.42574322651984486,0.1410118242248985,0.09150550849590176,-0.011236209198652777,True,
PF00004,PF00041,111,9,280,0,0.43511504963208425,231,0.09735923891034094,0.1208295374471665,0.1726975416422196,0.03193546999765633,True,
PF00004,PF00041,111,13,280,0,0.37206455653321324,230,-0.0014969746837772517,0.0025529731822920274,0.15996512272795235,0.1857475231702344,True,
PF00004,PF00041,111,14,280,0,0.5495737401045652,234,0.19958020549725167,-0.0036839417470387404,-0.02106101779981663,-0.004217513668321811,True,
PF00004,PF00041,111,15,280,0,0.8946513719056357,235,0.07771190553974391,0.2546426411083633,0.8003798872088213,-0.009772890316485677,True,
PF00004,PF00041,111,16,280,0,0.6491552469209282,233,0.05241541885766439,-0.0539833538228105,0.6394085130830088,0.00974673383791938,True,
PF00004,PF00041,111,17,280,0,0.9192592685621724,236,0.7970260378106099,0.1222332307515626,-0.008407054764912414,0.04238894072881913,True,
PF00004,PF00041,111,18,280,0,0.38148829354269986,233,0.1368392069370871,-8.308290032032505e-05,0.07320172329415797,0.10456882526470877,True,
PF00004,PF00041,111,19,280,0,0.824063648341469,236,0.0412503295207908,0.006757237906144211,0.23594277500826016,0.5881208733332088,True,
PF00004,PF00041,123,0,280,0,1.0404416813707766,228,0.9960325660538867,-0.0033573447729951106,0.6380964792069193,0.4000617114898885,True,
PF00004,PF00041,123,1,280,0,0.9973638895766609,227,0.6535409628263206,0.01698880469445373,0.8972501867651682,0.025165281531452706,True,
PF00004,PF00041,123,3,280,0,0.9560393881247136,230,0.7703425890552247,0.14839083296484404,0.5858840803180441,0.06828341742556915,True,
PF00004,PF00041,123,2,280,0,1.280010748045102,239,0.7486720474197499,0.531338700625352,0.9267265319222743,0.1039984547840101,True,
PF00004,PF00041,123,4,280,0,1.1984049282090836,227,0.7788097768180586,0.24267578235120918,0.823080880279727,0.37532404792935653,True,
PF00004,PF00041,123,6,280,0,1.1025532178808854,226,0.4455826756470872,0.33695583994859485,0.9669638582606719,-0.005712044967113605,True,
PF00004,PF00041,123,5,280,0,0.8873756535694117,221,0.7114185889964977,-0.009897852496499854,0.5390757129131242,0.1329422662714035,True,
PF00004,PF00041,123,7,280,0,1.402929421437214,230,0.8451618973423627,0.3835060520539622,0.6834677022055641,0.1328216878006346,True,
PF00004,PF00041,123,8,280,0,1.1508167863208412,230,0.7542871600586012,0.39652962626223986,0.5690804705586203,0.022538369029178766,True,
PF00004,PF00041,123,9,280,0,1.192624361726775,228,0.5334409538796632,0.2896277042395977,0.947141167478206,0.2454831942485692,True,
PF00004,PF00041,123,10,280,0,1.0491248635824846,229,0.7247033207848996,0.00835142406552931,0.962850200811203,-0.002708456120945137,True,
PF00004,PF00041,123,11,280,0,1.0086912507908883,223,0.6842736247462126,-0.0835699400587785,0.8174941049075599,0.08926445656634308,True,
PF00004,PF00041,123,13,280,0,0.8325864532081031,220,0.668850907323187,-0.053229276650567946,0.8155576259027552,0.017028827305347893,True,
PF00004,PF00041,123,12,280,0,1.0017965026801976,232,0.9022454447910624,-0.0015345324475021483,0.801352910934042,-0.000595497251543116,True,
PF00004,PF00041,123,14,280,0,1.2568134246768445,224,0.9649834175120984,0.2918300071647463,0.5823271720474775,0.01503733852504625,True,
PF00004,PF00041,123,16,280,0,1.0070179264185788,225,0.8517564422149506,1.8236955493607358e-05,0.8194135114349224,-0.01130759285435735,True,
PF00004,PF00041,123,19,280,0,1.1056862101982134,221,0.9079766431444054,-0.023215289320590096,0.9754163281753778,0.014615566687038027,True,
PF00004,PF00041,123,18,280,0,1.2621470111940742,225,0.7426927065958928,0.5194543045981815,0.9969439249388748,0.07387382025800954,True,
PF00004,PF00041,123,17,280,0,1.1138569485986352,230,0.5842846679088239,0.030808901660951408,0.8558000363068856,-0.016341028573598742,True,
PF00004,PF00041,135,0,280,0,0.21260757236703387,221,0.03664614180451156,0.0025148557033750894,0.17260847547007832,-0.002640789786900765,True,
PF00004,PF00041,135,4,280,0,0.3235209522320981,219,0.0004955412317130288,0.006969401240729509,0.1099804649341986,0.15431060881443942,True,
PF00004,PF00041,135,2,280,0,0.3924331275313867,218,0.1452922186714351,0.1533234909334341,0.0010970549159811183,-0.016331718904238946,True,
PF00004,PF00041,135,3,280,0,0.316835701712408,220,0.19815289514730286,0.11868280656510512,0.022504085070701486,-0.0006326420252496919,True,
PF00004,PF00041,135,5,280,0,0.2553416547489868,216,-0.005770337811281549,0.009059330262106258,0.09033002629923671,0.14525147286717913,True,
PF00004,PF00041,135,7,280,0,0.37902155633970763,222,0.005943706205247108,-0.008402743160776658,0.13716185985335186,0.24185969648635577,True,
PF00004,PF00041,135,9,280,0,0.3474412606960824,219,0.0045300355632940876,0.14849537492885426,0.17969211614890812,-0.000973877193081996,True,
PF00004,PF00041,135,10,280,0,0.24724613816494298,216,0.019653202962627053,0.22759293520231594,0.004001030501410502,0.2420532963060328,True,
PF00004,PF00041,135,12,280,0,0.45139480587286857,217,-0.013609502060949501,0.03058179016134703,0.10690221595242788,0.3444925899204407,True,
PF00004,PF00041,135,13,280,0,0.3654801345795584,217,0.24003033031041354,0.0981333948164432,0.025523038951121284,0.09932228496825589,True,
PF00004,PF00041,135,15,280,0,0.47895460103465504,219,0.18903969048809155,0.12612874102987984,-0.005494923704551971,0.3870620384350267,True,
PF00004,PF00041,135,16,280,0,0.21667288632126946,216,0.024480543043332893,-0.01784629149152381,-0.013194622375338742,0.010615219419290247,True,
PF00004,PF00041,135,19,280,0,0.3910379888809751,216,0.05076846964536312,0.34026951923561194,-0.010682013391066223,0.044965266807851775,True,
PF00004,PF00041,135,18,280,0,0.35785872647628225,224,0.12818594527697047,0.22967278119931175,0.058753178122103115,0.016210236457805182,True,
PF00004,PF00041,147,1,280,0,1.3575019999101328,211,0.45115341121589125,0.7029779799793796,0.8712418447634304,0.48626015514670246,True,
PF00004,PF00041,147,0,280,0,1.2562864303516246,214,0.3111107477101751,0.8556727148921845,0.8215365291642371,0.43474990118738743,True,
PF00004,PF00041,147,3,280,0,1.2987848331046803,211,0.250618721798781,0.6280213029629048,0.8074182750377841,0.4913665580668961,True,
PF00004,PF00041,147,2,280,0,1.4743817420938872,216,0.9395263755683818,0.3033862224621739,0.7764893944764493,0.5790391314482085,True,
PF00004,PF00041,147,4,280,0,0.9532994953722183,211,0.007599819531118135,0.8023723066510622,0.8174100464915706,0.13588944888064775,True,
PF00004,PF00041,147,6,280,0,1.2345876257001938,212,0.5335151776866474,0.40769356158871745,0.5552973722823564,0.6792902534178373,True,
PF00004,PF00041,147,5,280,0,1.2885761025732574,219,0.6276214031530716,0.6609546994201857,0.828356478088808,0.13844226822769226,True,
PF00004,PF00041,147,7,280,0,1.4063192187379847,212,0.6547386171642068,0.6342935619752617,0.7631565062833423,0.6431627124546424,True,
PF00004,PF00041,147,10,280,0,1.0522132428549895,211,0.8071877151105328,0.08324853184502994,0.5510615447652185,0.4923616953655113,True,
PF00004,PF00041,147,8,280,0,1.3951995735495406,212,0.640104659606986,0.6137260497774351,0.7879188276606146,0.46051194958950453,True,
PF00004,PF00041,147,9,280,0,1.4180958436761535,211,0.777379585496189,0.5662850582088266,0.7875649156789363,0.3878070004829285,True,
PF00004,PF00041,147,11,280,0,1.4282174112507409,211,0.8954471108217709,0.35855432588270475,0.9133640929838839,0.3015009760225994,True,
PF00004,PF00041,147,12,280,0,1.0218792089078435,206,0.5460918774120257,0.47578733149581776,0.32973354815058276,0.6353346089530951,True,
PF00004,PF00041,147,15,280,0,1.4047578656300077,211,0.22309907504880852,0.49721483708890307,0.9903703277310382,0.3657879911741488,True,
PF00004,PF00041,147,13,280,0,1.4222423109122562,215,0.7595488255476576,0.6626934853645986,0.5398282935093749,0.2241804445377497,True,
PF00004,PF00041,147,14,280,0,1.368118462960488,215,0.869492511036185,0.498625951924303,0.2641152605991936,0.5850579300255258,True,
PF00004,PF00041,147,16,280,0,1.2925338380241738,213,0.14009922605390385,0.5418764589152106,0.812269707677988,0.4802641303461857,True,
PF00004,PF00041,147,17,280,0,1.1880942937801784,213,0.4262335746914255,0.6859116196870341,0.889608592577834,0.29848570120234436,True,
PF00004,PF00041,147,18,280,0,1.484915831223978,213,0.9368983779671654,0.5480174532568126,0.5106737027632646,0.8323670977865991,True,
PF00004,PF00041,147,19,280,0,1.1174551357857319,213,0.6273349078088534,0.4843106824258847,0.6188082007482536,0.49864693503747826,True,
PF00004,PF00041,159,2,280,0,1.4496331534179063,206,0.15744245643849175,0.8542533124945427,0.9013074499476458,0.40501630344491313,True,
PF00004,PF00041,159,0,280,0,1.1204101375884115,206,0.1843132216817814,0.7282159143612515,0.24864312792648371,0.6900262845903963,True,
PF00004,PF00041,159,3,280,0,1.2244887927371677,211,0.6174614478650127,0.607027344872155,0.3672776180260921,0.8167366143211325,True,
PF00004,PF00041,159,1,280,0,1.2413722661518587,203,0.9732641618694243,-0.008737865499655424,0.2948441037588941,0.9465281623929646,True,
PF00004,PF00041,159,5,280,0,0.9510597277735011,209,0.3746766490038545,0.5207087247519908,0.4909971739172635,0.4489658583142076,True,
PF00004,PF00041,159,4,280,0,1.2753518284617233,207,0.7423611715085964,0.5329906569531269,0.4203523102487262,0.8170218024316799,True,
PF00004,PF00041,159,6,280,0,1.0368745154955776,212,0.7655689514621866,0.19442078753749492,0.002189706484210301,0.8597502943113506,True,
PF00004,PF00041,159,7,280,0,1.19899300136715,211,0.15928518301623504,0.7441418000772649,0.04410719205240055,0.89596161565399,True,
PF00004,PF00041,159,9,280,0,1.234824319744021,207,0.3717209678155385,0.823638962250064,0.9213681555014304,0.24906479910964274,True,
PF00004,PF00041,159,10,280,0,1.2721401460728297,204,0.2781636296252367,0.6248943510501669,0.6431534405945472,0.6289867054782824,True,
PF00004,PF00041,159,11,280,0,1.0809863374945312,209,0.44161217052158175,0.23118982304355815,0.7362019648948969,0.3447843725996344,True,
PF00004,PF00041,159,12,280,0,1.149135280274865,210,0.602697270217302,0.3638455571587968,0.1579208714184376,0.6605091901077826,True,
PF00004,PF00041,159,13,280,0,1.2056652500875717,201,0.7782530998417033,0.42741215024586837,0.7801254417750962,0.344417069765587,True,
PF00004,PF00041,159,14,280,0,1.109336633844423,209,0.2742842228881968,0.5880707788157306,0.6596789170582203,0.1814490306523485,True,
PF00004,PF00041,159,15,280,0,0.9576686266948435,202,0.07100402850637495,0.5974382704221015,0.5173137761767282,0.44035485051811535,True,
PF00004,PF00041,159,16,280,0,1.5077788198089448,204,0.8167700613924471,0.46039293963512556,0.21634526076563804,0.9014338838583714,True,
PF00004,PF00041,159,17,280,0,0.9675881289071053,207,0.5576733948335049,0.3256344809641471,0.26770322475639,0.6998849041507154,True,
PF00004,PF00041,159,18,280,0,1.3006304902498191,205,0.05460250072648751,0.8252587980392181,0.45482748913199567,0.5469107742627866,True,
PF00004,PF00041,159,19,280,0,1.4226222487621623,205,0.31461169563741,0.9499411639601112,0.7433431133121282,0.6418998455115271,True,
PF00004,PF00041,171,1,280,0,1.587814139537655,199,0.4581078975095591,0.6901321967377905,0.7928336890972296,0.7949804504404253,True,
PF00004,PF00041,171,4,280,0,1.5447511554112034,194,0.6789076052020758,0.7918369185051339,0.5664520636236878,0.9782990917875156,True,
PF00004,PF00041,171,2,280,0,1.6654501961177735,196,0.621729737032508,0.93357875957598,0.6625832465311812,0.9572327221582461,True,
PF00004,PF00041,171,6,280,0,1.4958421700327311,195,0.3849309063015844,0.9624150833113296,0.7317364794721908,0.7641056905605405,True,
PF00004,PF00041,171,8,280,0,1.5760899818076919,200,0.3374287656667146,0.8434172717645804,0.6265310124057976,0.8655586067543599,True,
PF00004,PF00041,171,7,280,0,1.8300690322276416,200,0.8362554822732254,0.9586302471039704,0.5617666199878499,0.9801724117947673,True,
PF00004,PF00041,171,10,280,0,1.8909358459885732,203,0.8654195414548954,0.8906615567205005,0.3312765896308187,0.9983957298332325,True,
PF00004,PF00041,171,11,280,0,1.6726976155005806,195,0.83849331050118,0.5786720777294816,0.7246965373847399,0.9480010781158406,True,
PF00004,PF00041,171,14,281,0,1.7511922314717863,198,0.5580416934900373,0.8165673376781606,0.8615305735714258,0.8896616579003606,True,
PF00004,PF00041,171,15,279,0,1.4561618437764356,194,0.49905944410523007,0.5594627976576932,0.709736463004724,0.7420997436373333,True,
PF00004,PF00041,171,16,279,0,1.7641136344729922,193,0.8612987145244911,0.902814919948501,0.4449234264250828,0.6642288349292931,True,
PF00004,PF00041,171,17,279,0,1.6315537297427722,192,0.5372940929865313,0.7824260657835261,0.8469419442729398,0.7846117854698325,True,
PF00004,PF00041,171,18,281,0,1.7872760443918136,195,0.23937097991859643,0.9641047555264008,0.7119441966622085,0.982040871740768,True,
PF00004,PF00041,171,19,281,0,1.6355735694238414,197,0.49391766000720805,0.9732268745886694,0.4856252168978977,0.9705565390601778,True,
PF00004,PF00041,183,2,280,0,1.0008472969538293,191,0.13347582310066908,0.8301679045832108,0.1547101604447042,0.846137136509125,True,
PF00004,PF00041,183,3,280,0,0.984059026435205,194,0.19952582315132927,0.7845332032838758,-0.023672048204733107,0.9473875248900909,True,
PF00004,PF00041,183,0,280,0,1.432964303856933,195,0.5131430202920995,0.882188800319162,0.4543058374089875,0.9786584664479455,True,
PF00004,PF00041,183,1,280,0,1.174917542479839,196,0.30236388617157905,0.71913771260949,0.28321013611117407,0.8800860806979011,True,
PF00004,PF00041,183,4,280,0,1.1538562006003747,195,0.11828170304213428,0.874545391505857,0.24161797302054766,0.9122382275798271,True,
PF00004,PF00041,183,6,280,0,1.2004346292813237,190,0.009330398647768768,0.9321581512274103,0.22413373264287365,0.97630089663845,True,
PF00004,PF00041,183,5,280,0,1.3035675538738234,196,0.24896473119659954,0.9102007137687581,0.2020164619763318,0.9788506057699132,True,
PF00004,PF00041,183,7,280,0,1.205737533538879,190,0.10477881321593605,0.9273551540439154,0.6395811710220696,0.4913937155078224,True,
PF00004,PF00041,183,8,280,0,1.0313904364255464,188,-0.032885094341380476,0.7212549284016281,0.20258005500856796,0.7267486560608424,True,
PF00004,PF00041,183,9,280,0,1.179729151129592,192,0.5680104967615655,0.6117186543680264,0.10674579905107005,0.7523753127551647,True,
PF00004,PF00041,183,11,280,0,1.079988487269228,187,0.038271271077973214,0.7415479202432391,0.7898342461003788,0.26373618065802,True,
PF00004,PF00041,183,10,280,0,0.9414850798313382,197,0.29942505795113206,0.6420600218802062,0.2167674041927167,0.4563868578428786,True,
PF00004,PF00041,183,12,280,0,1.277859943754548,192,-0.052420505839387295,0.665538465420088,0.4973897289499859,0.780470214804562,True,
PF00004,PF00041,183,13,280,0,1.1235812127409999,197,0.4698182316910708,0.45861205082795087,0.030913114604545603,0.9468383931098192,True,
PF00004,PF00041,183,15,280,0,0.9971940623750899,195,0.5999189082704988,0.3044442292766384,0.09356226699947782,0.7632847156093943,True,
PF00004,PF00041,183,14,280,0,1.3075034651930701,196,0.6725131612264591,0.634990303966611,0.6651655660952526,0.4182656349389053,True,
PF00004,PF00041,183,16,280,0,1.4427381301763633,194,0.4009583525555016,0.9139413563831751,0.20564173701838886,0.8945891317972404,True,
PF00004,PF00041,183,18,280,0,1.482117785502023,195,0.5968530248543815,0.19605676294160765,0.5006723995064715,0.9814453859955516,True,
PF00004,PF00041,183,19,280,0,1.0543335934482359,195,0.21582576387763033,0.7817498338120231,0.3793749952423848,0.6328622301167564,True,
PF00004,PF00041,195,0,282,0,2.0002177392982494,187,0.972915633718198,0.7427910464039109,0.8688617744536908,0.9013699435648925,True,
PF00004,PF00041,195,1,296,0,2.1488725282188725,195,0.9092199849610587,0.9800220148530734,0.9326357633070527,0.5788788987950648,True,
PF00004,PF00041,207,1,280,0,1.616013274452549,178,0.8114198804088149,0.016612110057439296,0.7840133846361245,0.8319998898164246,True,
PF00004,PF00041,207,2,280,0,1.8594814369847619,180,0.9320582359836801,0.09459497274793069,0.8876526954067125,0.9502678518691751,True,
PF00004,PF00041,207,0,280,0,1.6254334972582667,183,0.262535329240356,0.3665226319717898,0.8007473011376509,0.8246861961206158,True,
PF00004,PF00041,207,3,280,0,1.536243892342394,183,0.7638292841129973,0.08499541987250743,0.9156479749163253,0.6205959174260686,True,
PF00004,PF00041,207,5,280,0,1.6736892903466076,179,0.9678650069808826,0.7058242833657249,0.3886906675144262,-0.025714894801861118,True,
PF00004,PF00041,207,4,280,0,1.5313046891278872,179,0.9481279777659886,0.05201965320818668,0.9526430462225881,0.4442235208240084,True,
PF00004,PF00041,207,6,280,0,1.5122183080527054,183,0.28367164846901755,0.2976797632879029,0.9499417361376412,0.47199427281171713,True,
PF00004,PF00041,207,7,280,0,1.7829620605768888,185,0.42048653989353957,0.017660669893800704,0.8829783070116186,0.8879080076778799,True,
PF00004,PF00041,207,8,280,0,1.9975529613723846,184,0.9178717422187075,-0.0004599376104098059,0.972012015451338,0.9696894059817486,True,
PF00004,PF00041,207,9,280,0,1.7950104747538203,181,0.5151125867440123,0.47408347446217397,0.9471224960252854,0.8478879787285349,True,
PF00004,PF00041,207,10,280,0,1.8974143180970233,183,0.5643522551073606,-0.012344309263238887,0.9927989935784705,0.904615324518553,True,
PF00004,PF00041,207,12,281,0,1.8316463853924607,183,0.9580581099170743,0.5828304249507852,0.9855419727718537,-0.0006297525962454798,True,
PF00004,PF00041,207,13,279,0,1.8059607994511109,179,0.9815546478767869,0.06694910083208168,0.8424801845335613,0.8497036352595864,True,
PF00004,PF00041,207,14,279,0,1.8467224311896415,177,0.6078822458957575,0.05095077632592293,0.9529431979048135,0.8937792332848279,True,
PF00004,PF00041,207,16,282,0,1.8435833826432397,181,0.9857193242843197,0.85786405835892,0.2849128921172627,-0.03941539711956254,True,
PF00004,PF00041,207,17,282,0,1.6071677415476917,182,0.9500082696307753,0.030626874271096755,0.8365657671577447,0.7706019743899469,True,
PF00004,PF00041,207,18,283,0,1.9086873303207912,183,0.9305702964579271,0.09436624296947127,0.9438103485596792,0.746896553021252,True,
PF00004,PF00041,207,19,283,0,1.9191318931702472,180,0.7812400124297951,-0.04329718968017742,0.994634350368134,0.9244975428021133,True,
