overlap,trial,seed,error,hamming_distance,n_mutations,max_distance_from_natural,start_distance,end_distance,start_energy,end_energy,mean_e1_generated,mean_e2_generated,ga_converged,protein_1,protein_2,nat_mean_1,nat_mean_2
12,0,12042,,259,259,0.19922863692913528,0.003955177520228522,0.009439784319037477,266.58651913016394,266.40696936461393,145.85269581652216,120.66621963739323,True,PF00004,PF00041,145.87937104727615,120.65601144257766
12,1,12142,,261,261,0.25335434571292087,0.010177996382792114,0.004659320912626242,266.33417672103064,266.4768888766981,145.9072537846215,120.60713889292533,True,PF00004,PF00041,145.87937104727615,120.65601144257766
12,2,12242,,265,265,0.29075195960757505,0.019217270342202872,0.012499438437188086,265.9958008250832,266.47695724860756,145.8405183150794,120.63920806879317,True,PF00004,PF00041,145.87937104727615,120.65601144257766
12,3,12342,,266,266,0.22574392769126972,0.00586444954261944,0.004181268005480729,266.74409134362213,266.6774078598095,145.86007363020408,120.69440630646558,True,PF00004,PF00041,145.87937104727615,120.65601144257766
12,4,12442,,257,257,0.17971855465367187,0.001993261822009499,0.022900812195767537,266.59836043180184,267.0907603958756,145.92914398141198,120.64530548372078,True,PF00004,PF00041,145.87937104727615,120.65601144257766
12,5,12542,,255,255,0.23504358310729082,0.0010377920820339886,0.005193143636089279,266.5548516117865,266.60452885061943,145.83918637406157,120.6839314212047,True,PF00004,PF00041,145.87937104727615,120.65601144257766
12,6,12642,,258,258,0.1736667004915046,0.006042962439341996,0.006798537565821911,266.3808805859739,266.71627118102316,145.87219537709635,120.65550400518886,True,PF00004,PF00041,145.87937104727615,120.65601144257766
12,7,12742,,270,270,0.24711619517813294,0.0005971303286830493,0.01684885673088578,266.5145786084351,267.1517822777794,145.83015509077993,120.65228919628208,True,PF00004,PF00041,145.87937104727615,120.65601144257766
12,8,12842,,264,264,0.24579063629620215,0.014770498514095128,0.00642603397401827,266.69957174807183,266.6984543331149,145.92863086621867,120.63198371014882,True,PF00004,PF00041,145.87937104727615,120.65601144257766
12,9,12942,,264,264,0.3039088227204492,0.014590174436069164,0.002158956408484703,266.59602312259807,266.6038165354544,145.78268255733252,120.68689477184539,True,PF00004,PF00041,145.87937104727615,120.65601144257766
12,10,13042,,253,253,0.22236631600756934,0.002058649567196815,0.006490890895622397,266.5171284831918,266.3466754932458,145.90025774409898,120.68150628810548,True,PF00004,PF00041,145.87937104727615,120.65601144257766
12,11,13142,,264,264,0.20849964829492756,0.0035918888979583757,0.013211987589729926,266.6076950985384,266.2035805651027,145.8580056694722,120.66306049142707,True,PF00004,PF00041,145.87937104727615,120.65601144257766
12,12,13242,,268,268,0.3456542034890522,0.010983242754698329,0.002504051405754716,266.4294679579655,266.5904176502025,145.96419190652014,120.65454133633338,True,PF00004,PF00041,145.87937104727615,120.65601144257766
12,13,13342,,263,263,0.20010978385322387,0.0024893757626735474,0.00035191969230339513,266.6276112136971,266.54754017712827,145.77614890038947,120.6723458817903,True,PF00004,PF00041,145.87937104727615,120.65601144257766
12,14,13442,,260,260,0.18520313862078228,0.021122660234660667,0.010784219568605133,265.816892706469,266.67208926548386,145.8197494227938,120.65827492374622,True,PF00004,PF00041,145.87937104727615,120.65601144257766
12,15,13542,,266,266,0.31444382784296954,0.001518900522794137,0.02036087194181153,266.5565321032378,265.8277420828584,145.90735073970544,120.6356152352487,True,PF00004,PF00041,145.87937104727615,120.65601144257766
12,16,13642,,270,270,0.24270695863882946,0.010518691594406198,0.007337934181244387,266.86160845809883,266.7136779323925,145.96071698249241,120.65100578924309,True,PF00004,PF00041,145.87937104727615,120.65601144257766
12,17,13742,,254,254,0.2220206082763903,0.01225459193080665,0.003895736275670263,266.2670348955487,266.6263083808279,145.94949172543028,120.64661772008756,True,PF00004,PF00041,145.87937104727615,120.65601144257766
12,18,13842,,271,271,0.29856877082804995,0.003404126953688571,0.010747702356866062,266.62939935121676,266.86956638686763,145.31392497114444,120.7759487163784,True,PF00004,PF00041,145.87937104727615,120.65601144257766
12,19,13942,,256,256,0.292904877113471,0.006185275999442835,0.0013697259740055793,266.74792022428346,266.5201018460769,145.99995431074566,120.64868780663228,True,PF00004,PF00041,145.87937104727615,120.65601144257766
18,0,18042,,264,264,0.2704079191350909,0.0032199053703519604,0.0027253400483935276,266.45336596916763,266.59377935869725,145.82725475644978,120.65947630739421,True,PF00004,PF00041,145.87937104727615,120.65601144257766
18,1,18142,,253,253,0.2544830912665949,0.006993207692890423,0.007602128013320483,266.77172916212345,266.53801496273934,145.87748255904845,120.6771562597727,True,PF00004,PF00041,145.87937104727615,120.65601144257766
18,2,18242,,259,259,0.2607814353391079,0.0030066563237499734,0.006724384067642758,266.6027947082793,266.7010350119186,145.92161161158285,120.64887064757042,True,PF00004,PF00041,145.87937104727615,120.65601144257766
18,3,18342,,261,261,0.22945967164993922,0.007525969209099493,0.007024981750968827,266.5655430461793,266.4983983573327,145.7663833229457,120.66879182264583,True,PF00004,PF00041,145.87937104727615,120.65601144257766
18,4,18442,,260,260,0.39525120651907236,0.03746152047721861,0.003239603415740545,265.4736769295861,266.5921324861993,145.80733235259578,120.60509055579769,True,PF00004,PF00041,145.87937104727615,120.65601144257766
18,5,18542,,263,263,0.1851059756945555,0.005306606942748906,0.012605330527688492,266.3831519120417,266.6106491279667,145.9660684079184,120.70517606365374,True,PF00004,PF00041,145.87937104727615,120.65601144257766
18,6,18642,,257,257,0.20234359546043149,0.01562626261725356,0.003295745499481587,267.0469832095699,266.59593031297493,145.88700663244168,120.63028482256979,True,PF00004,PF00041,145.87937104727615,120.65601144257766
18,7,18742,,247,247,0.20279465352155296,0.010557674633469204,0.0018654246045664198,266.4382208472277,266.48186013390125,145.837844349403,120.6339539621327,True,PF00004,PF00041,145.87937104727615,120.65601144257766
18,8,18842,,263,263,0.24934559686862956,0.012530552458445336,0.008741170661797089,266.3084450267846,266.2198759764874,145.75758591738804,120.66483662442924,True,PF00004,PF00041,145.87937104727615,120.65601144257766
18,9,18942,,261,261,0.25266960583889464,0.007754055645575382,0.0032413255142552493,266.5048019235297,266.5299506060388,145.8131375146203,120.65085679464003,True,PF00004,PF00041,145.87937104727615,120.65601144257766
18,10,19042,,259,259,0.25290817276012945,0.0038009423889830626,0.005515884299341412,266.45474007896314,266.6558477555483,146.65918551728558,120.6761649865694,True,PF00004,PF00041,145.87937104727615,120.65601144257766
18,11,19142,,252,252,0.2274385557289906,0.007699327832321401,0.005236694975106913,266.4565608565053,266.62559102865293,146.22390600643146,120.62625030379458,True,PF00004,PF00041,145.87937104727615,120.65601144257766
18,12,19242,,268,268,0.23550502702553372,0.004275175284015217,0.0054032399950812516,266.6293580442575,266.3465642063487,146.73507640921952,120.70095778294339,True,PF00004,PF00041,145.87937104727615,120.65601144257766
18,13,19342,,262,262,inf,0.017295630317226137,0.08162717754355422,266.4132810188439,265.0181456031147,146.51966706993758,120.61262227727441,False,PF00004,PF00041,145.87937104727615,120.65601144257766
18,14,19442,,260,260,0.21159293411757193,0.0031029151495759696,0.0037307883893734016,266.416856389372,266.6614655155878,145.94679610948333,120.62198480484047,True,PF00004,PF00041,145.87937104727615,120.65601144257766
18,15,19542,,258,258,0.22933146251173464,0.008482710660516032,0.005859205954311273,266.21653400481694,266.62099435601664,145.74876300372526,120.64531183858652,True,PF00004,PF00041,145.87937104727615,120.65601144257766
18,16,19642,,258,258,0.23192756572972395,0.005636874002661191,0.00489184754795995,266.3831120678231,266.7116832913323,145.94017884528836,120.64451808305937,True,PF00004,PF00041,145.87937104727615,120.65601144257766
18,17,19742,,242,242,0.26677124301824634,0.004011909794547797,0.003288845180400677,266.4531356419416,266.6569621089387,147.2534007450036,120.59441270389743,True,PF00004,PF00041,145.87937104727615,120.65601144257766
18,18,19842,,261,261,0.20294181848801265,0.008191918324485483,0.00799002586127059,266.4110254376248,266.8218331703363,145.8458370563781,120.62438934063728,True,PF00004,PF00041,145.87937104727615,120.65601144257766
18,19,19942,,264,264,0.23073014642966438,0.037297822183521956,0.0059836506644599255,265.133127836191,266.60408084191954,145.7846024923122,120.67077740594718,True,PF00004,PF00041,145.87937104727615,120.65601144257766
24,0,24042,,256,256,0.2283376060999467,0.006287221142356628,0.0014869165893901487,266.3196816605197,266.5218496245701,145.8061104330432,120.61737300885683,True,PF00004,PF00041,145.87937104727615,120.65601144257766
24,1,24142,,259,259,0.3504245731517642,0.014740288055305152,0.015392647881176334,265.9793342318585,266.3038522715637,145.84703772536204,120.66857166078869,True,PF00004,PF00041,145.87937104727615,120.65601144257766
24,2,24242,,258,258,0.283977351188993,0.0061424570732287525,0.007960085842362338,266.74156854269347,266.5190530614809,145.88735403147274,120.58048599462715,True,PF00004,PF00041,145.87937104727615,120.65601144257766
24,3,24342,,254,254,0.2670299297510302,0.012403639514456813,0.008717132597250989,266.5542535736004,266.34463510729404,145.92450506636342,120.67335353442806,True,PF00004,PF00041,145.87937104727615,120.65601144257766
24,4,24442,,264,264,0.24689648511434453,0.009137606917765896,0.002264982928932977,266.832995595448,266.6167579436968,146.01984720357623,120.63357118960646,True,PF00004,PF00041,145.87937104727615,120.65601144257766
24,5,24542,,241,241,0.2295775519025678,0.006240298346764063,0.0024271552910531155,266.6168573006933,266.57440944386565,145.8346140147973,120.71596991204919,True,PF00004,PF00041,145.87937104727615,120.65601144257766
24,6,24642,,253,253,0.2558756052852964,0.007608938327591781,0.008117485054142412,266.3471680023553,266.77091117185535,145.79717227778607,120.67538608077412,True,PF00004,PF00041,145.87937104727615,120.65601144257766
24,7,24742,,248,248,0.20441543016639202,0.00341906081517215,0.0026497011228013585,266.6561000141776,266.5668147029585,145.90017614656801,120.62755572152628,True,PF00004,PF00041,145.87937104727615,120.65601144257766
24,8,24842,,249,249,0.19902015748269242,0.002443023001264656,0.0049016058570802825,266.5027571775525,266.5488208679248,145.86448974058942,120.6325643451701,True,PF00004,PF00041,145.87937104727615,120.65601144257766
24,9,24942,,252,252,0.25815645481655847,0.008565502025732908,0.005209083449603162,266.62283727586635,266.569589580042,145.95830270459504,120.67766453819999,True,PF00004,PF00041,145.87937104727615,120.65601144257766
24,10,25042,,257,257,0.21652454863564385,0.00397811056866234,0.01278963175520911,266.68252225135905,266.3114194431515,145.78162855046574,120.68026656686008,True,PF00004,PF00041,145.87937104727615,120.65601144257766
24,11,25142,,236,236,0.19798102787202745,0.017740254735345646,0.012993857381472403,266.44814493259713,266.3883903211147,145.9303545068236,120.60535350320097,True,PF00004,PF00041,145.87937104727615,120.65601144257766
24,12,25242,,254,254,0.18631257720460231,0.010003365187455926,0.010065072437134975,266.63245574815255,266.68280476483136,145.8751457245876,120.66491626711554,True,PF00004,PF00041,145.87937104727615,120.65601144257766
24,13,25342,,258,258,0.29905453157222495,0.004395295805611057,0.00807230588861599,266.6525510519259,266.3923500112526,145.8837475547114,120.66594242990519,True,PF00004,PF00041,145.87937104727615,120.65601144257766
24,14,25442,,256,256,0.25233438507358874,0.004769724758927753,0.0016134073632189778,266.4862624622979,266.4841992725146,145.85110514256166,120.69269603264895,True,PF00004,PF00041,145.87937104727615,120.65601144257766
24,15,25542,,260,260,0.2063781918787209,0.01301470057583366,0.010022247331148202,266.9475527521212,266.9092240844161,145.9378656081074,120.63913349615777,True,PF00004,PF00041,145.87937104727615,120.65601144257766
24,16,25642,,253,253,0.2096160555459749,0.005735931229139389,0.007193240025510527,266.5206055192705,266.482862007925,145.86330986202464,120.61043431269148,True,PF00004,PF00041,145.87937104727615,120.65601144257766
24,17,25742,,255,255,0.23752809365788471,0.0032133079293640123,0.00428596720007039,266.6250117056853,266.3834694887299,145.8838821155952,120.61959421848223,True,PF00004,PF00041,145.87937104727615,120.65601144257766
24,18,25842,,261,261,0.18374408204571216,0.009108407187887734,0.000413262895798992,266.8817745993449,266.54570114600745,146.42767026328673,120.68622884025453,True,PF00004,PF00041,145.87937104727615,120.65601144257766
24,19,25942,,260,260,0.212256952440191,0.004896522526014091,0.012622132004252662,266.48481019135755,266.1227994302849,145.847801479937,120.63788640059849,True,PF00004,PF00041,145.87937104727615,120.65601144257766
30,0,30042,,258,258,0.2793795936510924,0.003945598324194473,0.003157692520789454,266.41117973815756,266.41466112903333,145.90560115651496,120.68916312792592,True,PF00004,PF00041,145.87937104727615,120.65601144257766
30,1,30142,,249,249,0.22285587987954664,0.009369299694524073,0.015231269229980887,266.73733682550653,266.3508225631606,146.33400489247526,120.65436065143744,True,PF00004,PF00041,145.87937104727615,120.65601144257766
30,2,30242,,249,249,0.3292969134584457,0.0017795404253381649,0.009369012039797679,266.5149696971271,266.23642557243835,145.77055189773355,120.63451611205271,True,PF00004,PF00041,145.87937104727615,120.65601144257766
30,3,30342,,251,251,0.21588661928925876,0.003569492647251097,0.003393774620704429,266.4183255121347,266.6064553044209,145.85188293025064,120.97752234814949,True,PF00004,PF00041,145.87937104727615,120.65601144257766
30,4,30442,,245,245,0.24409015029148304,0.001656822973998189,0.006985574984145347,266.47665311677844,266.33094211979915,145.87103835951638,120.62352134913569,True,PF00004,PF00041,145.87937104727615,120.65601144257766
30,5,30542,,244,244,0.19483677282249645,0.00675060473711901,0.007723960834498869,266.7136445061151,266.6671805363868,145.86416659636447,120.67586645483065,True,PF00004,PF00041,145.87937104727615,120.65601144257766
30,6,30642,,243,243,0.27273830261110615,0.011983666827621222,0.004021705287764507,266.3598748898684,266.45818420055326,145.93409224149264,120.68712383928829,True,PF00004,PF00041,145.87937104727615,120.65601144257766
30,7,30742,,245,245,0.1910014699342853,0.003920555862081595,0.007383698207057333,266.42975918109545,266.3437889488182,145.7260190794431,120.63405859210327,True,PF00004,PF00041,145.87937104727615,120.65601144257766
30,8,30842,,253,253,0.18282793209568995,0.01395369648582629,0.009008608930339185,266.43063827346657,266.5632086807367,146.95722525432032,120.62557742734117,True,PF00004,PF00041,145.87937104727615,120.65601144257766
30,9,30942,,249,249,0.1639015981557299,0.010902441555196249,0.015374908445275169,266.29653940372225,266.23128256422797,145.88668396315921,120.64754089560589,True,PF00004,PF00041,145.87937104727615,120.65601144257766
30,10,31042,,252,252,0.2580398197269842,0.028244105126809492,0.006382425440622654,265.51689866361227,266.68683819405857,145.88896658484654,120.68513184931439,True,PF00004,PF00041,145.87937104727615,120.65601144257766
30,11,31142,,245,245,0.2383089222909075,0.009395832111505633,0.0076320009740268304,266.45164572149866,266.68492132297825,145.858884755685,120.61032867788013,True,PF00004,PF00041,145.87937104727615,120.65601144257766
30,12,31242,,254,254,0.2055813409173532,0.009734049229067733,0.005943601035790857,266.54465583968204,266.60482366188694,145.80042017723088,120.6458977167323,True,PF00004,PF00041,145.87937104727615,120.65601144257766
30,13,31342,,252,252,0.2903119108371739,0.009979294818986734,0.009103272505919354,266.50525409989046,266.44748234680753,146.9839547127913,120.67093982542472,True,PF00004,PF00041,145.87937104727615,120.65601144257766
30,14,31442,,246,246,0.22964313411514933,0.004775205489198503,0.017032439388101114,266.47181017397094,266.329854344247,145.88202102404605,120.61859145543785,True,PF00004,PF00041,145.87937104727615,120.65601144257766
30,15,31542,,248,248,0.25367255973637864,0.013786221969633283,0.008444578188027374,266.0827037606857,266.48464701501393,146.59050703553402,120.67646786839835,True,PF00004,PF00041,145.87937104727615,120.65601144257766
30,16,31642,,248,248,0.24441260267048445,0.005775769532938797,0.005344138983014151,266.33418846547374,266.496795188522,145.86425081136457,120.92303786149948,True,PF00004,PF00041,145.87937104727615,120.65601144257766
30,17,31742,,244,244,0.19485549495293128,0.0039503184059330836,0.011717044351388598,266.63314994169014,266.91717798129883,146.10929893179883,120.67701889013338,True,PF00004,PF00041,145.87937104727615,120.65601144257766
30,18,31842,,243,243,0.18982047873740424,0.0015740033394261626,0.00615627072147483,266.5176536077349,266.42034326912756,145.80091093937608,120.70622279618975,True,PF00004,PF00041,145.87937104727615,120.65601144257766
30,19,31942,,250,250,0.2652817886326785,0.12667654165624223,0.01542275052972816,263.38950698673096,265.9849334849861,145.72637983202455,120.59827949920928,True,PF00004,PF00041,145.87937104727615,120.65601144257766
36,0,36042,,241,241,0.2520713404337223,0.01763666234286646,0.0024611388844188835,266.43527466245354,266.58760099908665,145.87389338015157,120.62696177461035,True,PF00004,PF00041,145.87937104727615,120.65601144257766
36,1,36142,,238,238,0.21972225460067463,0.006863865555772522,0.015864410207378752,266.51529580154045,266.92340747092476,145.92482873195053,120.69228385778761,True,PF00004,PF00041,145.87937104727615,120.65601144257766
36,2,36242,,249,249,0.21199228873643694,0.011340625808356921,0.011695284810242245,266.16898801659227,266.172572906029,145.81406252218767,120.62796074620881,True,PF00004,PF00041,145.87937104727615,120.65601144257766
36,3,36342,,248,248,0.1946621526527646,0.008514358096343452,0.0031679769810998874,266.32655005431,266.60048272331886,145.90587573621514,120.66250210823054,True,PF00004,PF00041,145.87937104727615,120.65601144257766
36,4,36442,,241,241,0.21068540075743275,0.022044280575160363,0.014769725788604858,267.3260964886077,266.44252470225734,145.9725658698152,120.6468994170429,True,PF00004,PF00041,145.87937104727615,120.65601144257766
36,5,36542,,243,243,0.20077618782117063,0.01400058693368575,0.001304018384154342,266.21326577226534,266.553351534103,145.79438341993202,120.70487390673497,True,PF00004,PF00041,145.87937104727615,120.65601144257766
36,6,36642,,243,243,0.19172586302758007,0.0059749446410478566,0.0020035088070543858,266.4735554415567,266.54265365598144,145.9255595150946,120.65597824535739,True,PF00004,PF00041,145.87937104727615,120.65601144257766
36,7,36742,,242,242,0.23157515683281207,0.009784324103301016,0.011928752537762355,266.6337105658747,266.09844009170064,145.8550003832801,120.63546833029116,True,PF00004,PF00041,145.87937104727615,120.65601144257766
36,8,36842,,244,244,0.2855330115655606,0.012560365212780367,0.006663954172586764,266.43749116035144,266.493312586606,145.7724767847697,120.64612565899023,True,PF00004,PF00041,145.87937104727615,120.65601144257766
36,9,36942,,241,241,0.22360131190389254,0.0018607551226965504,0.003944016758603864,266.49008157102395,266.6393519005562,145.9317567257993,120.656395295929,True,PF00004,PF00041,145.87937104727615,120.65601144257766
36,10,37042,,242,242,0.22131080594240965,0.009052568018320752,0.004036208228445864,266.740007103905,266.5960457266434,145.93509435563485,120.62536379740284,True,PF00004,PF00041,145.87937104727615,120.65601144257766
36,11,37142,,246,246,0.2962134325763089,0.008930724379792481,0.011775281771114757,266.2257871501072,266.19418643064796,145.846909032941,120.66808590032376,True,PF00004,PF00041,145.87937104727615,120.65601144257766
36,12,37242,,241,241,0.2119823681930263,0.011921544661331123,0.006623469378161521,266.2784893204842,266.7042647161812,145.84373828972932,120.64762873472434,True,PF00004,PF00041,145.87937104727615,120.65601144257766
36,13,37342,,245,245,0.28838613704636556,0.0007822138242141339,0.008450008593523095,266.52242964009025,266.54966898632244,145.8227929472432,120.64443723619961,True,PF00004,PF00041,145.87937104727615,120.65601144257766
36,14,37442,,245,245,0.2502211434210825,0.0005764658906960582,0.0044806340052679,266.5564146007584,266.5303950183188,145.90502040012493,120.64051525249586,True,PF00004,PF00041,145.87937104727615,120.65601144257766
36,15,37542,,241,241,0.244499833604017,0.0097364682497599,0.005376548415501001,266.2995341332747,266.67630843120673,145.87312695244196,120.6575589381309,True,PF00004,PF00041,145.87937104727615,120.65601144257766
36,16,37642,,249,249,0.22698225952935466,0.022873004670533135,0.005467781783466165,266.0389149987436,266.65063578214824,145.81152196374975,120.61408037435396,True,PF00004,PF00041,145.87937104727615,120.65601144257766
36,17,37742,,245,245,0.25957844511207373,0.005163102398068784,0.006447608095975649,266.7320482436221,266.52469485709844,145.88061667337763,120.61858380595454,True,PF00004,PF00041,145.87937104727615,120.65601144257766
36,18,37842,,241,241,0.20663572572745922,0.004546460420740047,0.018122850792035457,266.4026607762129,267.10845473859354,145.8988414227175,120.74878513939139,True,PF00004,PF00041,145.87937104727615,120.65601144257766
36,19,37942,,252,252,0.1912030629551542,0.005068633830048172,0.012374561954837465,266.688845728425,266.09901164175244,145.9230817458811,120.67098422088412,True,PF00004,PF00041,145.87937104727615,120.65601144257766
42,0,42042,,235,235,0.2665158989339802,0.005597647286221743,0.017174443241082867,266.6705368347139,266.17460947477167,145.9880917133182,120.71918640643547,True,PF00004,PF00041,145.87937104727615,120.65601144257766
42,1,42142,,251,251,0.2683084284704666,0.008789900576546722,0.03072697475451743,266.346507046557,265.4312229237645,145.86605936824395,120.891590504742,True,PF00004,PF00041,145.87937104727615,120.65601144257766
42,2,42242,,241,241,0.2039619544035247,0.009614738936559394,0.013151011354985108,266.8010171309384,266.79972963682417,145.97749469617685,120.68861511166477,True,PF00004,PF00041,145.87937104727615,120.65601144257766
42,3,42342,,242,242,0.24589746846643754,0.00962754366665097,0.0037122435558361935,266.4940189934576,266.6336442421109,148.02413794207203,120.6459212017841,True,PF00004,PF00041,145.87937104727615,120.65601144257766
42,4,42442,,240,240,0.1904257166642171,0.01921753307767414,0.007568125541403298,266.2144718027065,266.6082348666711,146.00171417315045,120.66496300596526,True,PF00004,PF00041,145.87937104727615,120.65601144257766
42,5,42542,,240,240,0.20012860469180396,0.016805454098253406,0.026840354206761174,265.93814076682935,267.2298222797115,146.17496859057337,120.85815352381408,True,PF00004,PF00041,145.87937104727615,120.65601144257766
42,6,42642,,240,240,0.21711019945638385,0.01343289938824985,0.02127360155639111,267.03325592451904,267.0238111797078,145.8756823012715,120.68413881396721,True,PF00004,PF00041,145.87937104727615,120.65601144257766
42,7,42742,,241,241,0.18650754988025886,0.014655480940006599,0.006808979690135548,267.00106555442284,266.4124047061525,145.21564360324163,120.72847053780872,True,PF00004,PF00041,145.87937104727615,120.65601144257766
42,8,42842,,240,240,0.1923114610404221,0.005744279859936029,0.015056717753313801,266.74681846523276,266.24227086723636,145.9155527803014,120.63479950868918,True,PF00004,PF00041,145.87937104727615,120.65601144257766
42,9,42942,,239,239,0.22553703569507572,0.013182314238971583,0.0035141845771327735,266.8922551169277,266.6253540512034,145.95702448684432,120.70081469944155,True,PF00004,PF00041,145.87937104727615,120.65601144257766
42,10,43042,,241,241,0.24759036544826502,0.025786005237166766,0.007972212006856383,265.9126205638087,266.30940215747114,145.92178862365662,120.67712741964063,True,PF00004,PF00041,145.87937104727615,120.65601144257766
42,11,43142,,247,247,0.20028576075442658,0.01710271794854604,0.006556693062002185,266.074819157845,266.7214217260651,145.85560718972528,120.64867472196582,True,PF00004,PF00041,145.87937104727615,120.65601144257766
42,12,43242,,241,241,0.20252555870580058,0.002275458604988719,0.08144020855139564,266.482315421071,264.9101646187911,145.73900628481263,120.84872240509627,True,PF00004,PF00041,145.87937104727615,120.65601144257766
42,13,43342,,241,241,0.24152274073276994,0.017344632233186417,0.011282636105748606,266.11231217942816,266.1299735051604,146.0083128138784,121.05303489415977,True,PF00004,PF00041,145.87937104727615,120.65601144257766
42,14,43442,,240,240,0.17337189266150244,0.02610824670715601,0.012262973123458764,265.90412599564894,266.79703059197703,146.56697583895087,120.65190544170537,True,PF00004,PF00041,145.87937104727615,120.65601144257766
42,15,43542,,241,241,0.19486723917483542,0.02224446224730021,0.003030523568713853,267.2822988207589,266.4908044650735,145.9103615225633,120.66836801300887,True,PF00004,PF00041,145.87937104727615,120.65601144257766
42,16,43642,,243,243,0.20232917376130274,0.007076582865576109,0.018154776168077803,266.62311792956984,266.4310018712631,145.94537030865058,120.66351850131961,True,PF00004,PF00041,145.87937104727615,120.65601144257766
42,17,43742,,241,241,0.18651294126039808,0.00046709095436685364,0.009518651562316231,266.5288447280509,266.7681496081001,145.85330643710256,120.70527110323671,True,PF00004,PF00041,145.87937104727615,120.65601144257766
42,18,43842,,241,241,0.20318746825321582,0.0038072285321352943,0.0073749527672335915,266.6569914532121,266.55318196390067,145.8623646009869,120.69479523291739,True,PF00004,PF00041,145.87937104727615,120.65601144257766
42,19,43942,,241,241,0.29910518720111906,0.043427976695199315,0.006823496257767133,267.7352095852282,266.67210548038946,145.91431021130197,120.64702296400648,True,PF00004,PF00041,145.87937104727615,120.65601144257766
48,0,48042,,240,240,0.22774295866381938,0.00757336214845563,0.01269318275491447,266.3688247006489,266.3004526886207,149.2077213878363,120.5891355128596,True,PF00004,PF00041,145.87937104727615,120.65601144257766
48,1,48142,,240,240,0.2996673503383769,0.028650777093432302,0.00405086251671556,266.5503532408246,266.3958777531932,151.1945176327297,120.9835925859895,True,PF00004,PF00041,145.87937104727615,120.65601144257766
48,2,48242,,241,241,0.21548486243442094,0.04188124081967221,0.01914089232797794,267.4822392501825,267.1191877427628,148.58018962518915,121.02508125863436,True,PF00004,PF00041,145.87937104727615,120.65601144257766
48,3,48342,,242,242,0.2578489970734697,0.02023558575316423,0.008847129426414448,266.94562112534663,266.4097023543004,150.06672049137535,120.78521083746317,True,PF00004,PF00041,145.87937104727615,120.65601144257766
48,4,48442,,242,242,0.29692441859861357,0.09614782256174445,0.018664375996392337,269.6530490218231,266.9869206440855,148.40914279141137,120.72586950176593,True,PF00004,PF00041,145.87937104727615,120.65601144257766
48,5,48542,,239,239,0.23521136000021114,0.016349204066914567,0.017666303366594756,266.92946631847417,267.14867293539567,148.84542020196366,120.85420106366443,True,PF00004,PF00041,145.87937104727615,120.65601144257766
48,6,48642,,245,245,0.23992617734777896,0.03497731212592533,0.004393480830699691,265.9117287001634,266.469792362724,146.1199647480719,120.57552154152403,True,PF00004,PF00041,145.87937104727615,120.65601144257766
48,7,48742,,239,239,0.22723930585548563,0.022113559540800437,0.013880101215872031,265.7532406256446,266.6655340826426,149.03779395412874,120.89118562144515,True,PF00004,PF00041,145.87937104727615,120.65601144257766
48,8,48842,,245,245,0.1955309157786074,0.012351031213913146,0.0011887781898470313,266.1008271975139,266.5743025338427,149.2230857133264,120.76387771079195,True,PF00004,PF00041,145.87937104727615,120.65601144257766
48,9,48942,,239,239,0.2459002572749424,0.002628303280513248,0.0035520954716850954,266.63573489343685,266.4747870667385,147.88306286667748,120.6995979540213,True,PF00004,PF00041,145.87937104727615,120.65601144257766
48,10,49042,,240,240,0.21820526796393203,0.010013345050727634,0.011254035308517272,266.5636424214841,266.2595855296373,145.6510586610376,120.77225000560723,True,PF00004,PF00041,145.87937104727615,120.65601144257766
48,11,49142,,239,239,0.20823708797949658,0.0075009996681808695,0.0030464263926311772,266.50008343029447,266.5862020705823,148.504253006045,121.15573270537325,True,PF00004,PF00041,145.87937104727615,120.65601144257766
48,12,49242,,240,240,0.2648813640173605,0.026189497764559557,0.008021032802318962,266.986223058639,266.68544291046874,149.78974505013593,121.0015792585105,True,PF00004,PF00041,145.87937104727615,120.65601144257766
48,13,49342,,245,245,0.207180793620743,0.010149350773741204,0.03518484747491818,266.89541485475746,265.86575904327617,148.19796963786408,120.94184729870243,True,PF00004,PF00041,145.87937104727615,120.65601144257766
48,14,49442,,242,242,0.3012843554379572,0.008331590810961971,0.01709053124346751,266.3497998824468,265.97073426201865,149.73056753809004,120.84800596180087,True,PF00004,PF00041,145.87937104727615,120.65601144257766
48,15,49542,,240,240,0.18924792914913482,0.004454861232379918,0.017295201398146432,266.68765160688645,266.11783130210847,146.63211718813517,120.80241635224866,True,PF00004,PF00041,145.87937104727615,120.65601144257766
48,16,49642,,239,239,0.2256240053295093,0.009495648815325157,0.02534085384351606,266.80815682168196,266.78863916185105,149.05961297999642,120.6459665476214,True,PF00004,PF00041,145.87937104727615,120.65601144257766
48,17,49742,,239,239,0.2183301365344077,0.03681823807092979,0.0006907586068131068,266.3704025507699,266.53053244713544,146.8871967416107,121.03563087201483,True,PF00004,PF00041,145.87937104727615,120.65601144257766
48,18,49842,,241,241,0.24669502790423994,0.009605659788909565,0.015828470513749925,266.75080918489107,267.0337216000198,149.4567567695436,120.87360699733716,True,PF00004,PF00041,145.87937104727615,120.65601144257766
48,19,49942,,240,240,0.19510659285221327,0.002879602789199828,0.036243030185279045,266.5683243394336,265.6609974909091,146.9395168353146,120.68291534142024,True,PF00004,PF00041,145.87937104727615,120.65601144257766
54,0,54042,,239,239,0.8901886773415221,0.01642074661947708,0.8901886773415221,266.5682031915731,289.62669754439594,151.0579190057038,121.51672557122927,True,PF00004,PF00041,145.87937104727615,120.65601144257766
54,1,54142,,243,243,0.24287889512512673,0.03410102001134984,0.012804660620652098,265.7276701281643,266.7635639139718,154.6565685705176,121.48290445414433,True,PF00004,PF00041,145.87937104727615,120.65601144257766
54,2,54242,,240,240,0.31148435098854366,0.014654732942112359,0.04518011608782091,266.27400520406786,264.99355240887365,152.50799103208882,121.11352708254245,True,PF00004,PF00041,145.87937104727615,120.65601144257766
54,3,54342,,241,241,0.8669054770979506,0.8669054770979506,0.47953024049586845,295.3838626682542,284.8368028262694,157.242403773609,121.62237242107499,True,PF00004,PF00041,145.87937104727615,120.65601144257766
54,4,54442,,241,241,0.26622655046460736,0.004391729015705455,0.02286055883854771,266.6246598813139,266.9549426328924,156.3849284663635,121.46424830931575,True,PF00004,PF00041,145.87937104727615,120.65601144257766
54,5,54542,,240,240,0.23944613077410515,0.016210646737112595,0.006451969782418512,266.6731028224199,266.4876032501031,152.85773073759646,122.51777614746939,True,PF00004,PF00041,145.87937104727615,120.65601144257766
54,6,54642,,241,241,0.35037253649270084,0.013422619974108181,0.022065635899573964,266.726825058376,267.16461855219404,148.40629587262544,120.9410393965003,True,PF00004,PF00041,145.87937104727615,120.65601144257766
54,7,54742,,239,239,0.3765614492980972,0.08286096966961269,0.22010871811788305,269.32065891558295,266.8990425330419,151.78745356228828,120.9301081444889,True,PF00004,PF00041,145.87937104727615,120.65601144257766
54,8,54842,,242,242,0.2554483959596707,0.21786882689070267,0.02293787946524538,274.6062724429431,267.24153436040274,154.56442872374052,121.28928455723005,True,PF00004,PF00041,145.87937104727615,120.65601144257766
54,9,54942,,243,243,0.3421287718148055,0.22708482167613567,0.027315577134573804,275.1825294528393,267.26156804910954,153.35165252123508,121.38949301727585,True,PF00004,PF00041,145.87937104727615,120.65601144257766
54,10,55042,,240,240,0.4614389790923936,0.020245218356713064,0.26127529585001646,266.9084853195948,271.99450862552493,149.9160175860453,121.81513908850022,True,PF00004,PF00041,145.87937104727615,120.65601144257766
54,11,55142,,239,239,0.28676165221918504,0.1558135867426409,0.009580842632584853,272.2564209446921,266.65849597340275,153.73659872487727,121.52336976097965,True,PF00004,PF00041,145.87937104727615,120.65601144257766
54,12,55242,,240,240,0.277970151309346,0.05922586471641331,0.08050890408368783,267.88709134116834,264.1993777779071,150.05909533745515,120.90868655335474,True,PF00004,PF00041,145.87937104727615,120.65601144257766
54,13,55342,,241,241,0.29991584722310927,0.021794015058260972,0.20856439235395996,267.1873555358102,260.91770380791075,152.5928405662095,121.30009830656643,True,PF00004,PF00041,145.87937104727615,120.65601144257766
54,14,55442,,240,240,0.3240125303694044,0.020046545597812777,0.031240519212608963,267.11521819249907,266.1159462497639,148.20145954679538,120.90640097018374,True,PF00004,PF00041,145.87937104727615,120.65601144257766
54,15,55542,,238,238,0.8357897817829779,0.8357897817829779,0.14911571823468647,297.1796607751171,271.96238410360564,158.82849309891827,121.09241069966045,True,PF00004,PF00041,145.87937104727615,120.65601144257766
54,16,55642,,243,243,0.5463870405549817,0.035985442074459834,0.5463870405549817,267.7265413032883,285.85180556925326,152.5205963701497,122.0549659833375,True,PF00004,PF00041,145.87937104727615,120.65601144257766
54,17,55742,,240,240,0.23872015788074588,0.006591517752482606,0.02146798043454213,266.3561988830475,265.8637900264424,152.23647708314076,121.48727417168702,True,PF00004,PF00041,145.87937104727615,120.65601144257766
54,18,55842,,240,240,0.4102189940362839,0.20777519404638195,0.3570920665431164,266.42461762191596,278.2808616006255,154.1462710498339,121.14370215938736,True,PF00004,PF00041,145.87937104727615,120.65601144257766
54,19,55942,,242,242,0.2756429460923243,0.045567226542630034,0.21774659315905956,268.11857867315814,262.1703242298154,153.80564165087296,122.08051947234752,True,PF00004,PF00041,145.87937104727615,120.65601144257766
60,0,60042,,241,241,0.2059794958186552,0.01033823873951159,0.007083626925998428,266.31426448055896,266.29234156785975,145.9831690378106,120.64023360252888,True,PF00004,PF00041,145.87937104727615,120.65601144257766
60,1,60142,,240,240,0.34760336143378445,0.006145318962951554,0.0012226022897032333,266.3621736167314,266.5062672146599,145.92999003367913,120.66650614945857,True,PF00004,PF00041,145.87937104727615,120.65601144257766
60,2,60242,,239,239,0.21115158449678206,0.0059969887508953285,0.0044039063810864055,266.7589682264145,266.5389816532318,146.70433837019556,120.71779428658462,True,PF00004,PF00041,145.87937104727615,120.65601144257766
60,3,60342,,240,240,0.2126441224995889,0.014646540724059316,0.02013309220553368,266.7432415194995,266.9679311042633,147.01124060911562,120.74794443872412,True,PF00004,PF00041,145.87937104727615,120.65601144257766
60,4,60442,,240,240,0.22447843967684028,0.0018763322173871663,0.01336286606883098,266.60354120487006,266.220848182537,145.80320423649786,120.66110032619456,True,PF00004,PF00041,145.87937104727615,120.65601144257766
60,5,60542,,239,239,0.26115912804942965,0.010911269465918165,0.014277286913408124,266.1621401650831,266.9055807298447,147.24105154658005,120.70575669683006,True,PF00004,PF00041,145.87937104727615,120.65601144257766
60,6,60642,,240,240,0.20982333446567153,0.015053125003236877,0.019827041383833115,267.02682505038297,265.864547618619,146.01108942800855,120.62275214437123,True,PF00004,PF00041,145.87937104727615,120.65601144257766
60,7,60742,,240,240,0.2623167239781177,0.011707402679799868,0.018869074185131368,266.83000336470406,266.0887874254978,145.84601415135785,120.64632114420007,True,PF00004,PF00041,145.87937104727615,120.65601144257766
60,8,60842,,239,239,0.21248901536582884,0.007613023039506219,0.02890113080132048,266.60359358051187,267.3164346653758,147.7151131709205,120.92599096080023,True,PF00004,PF00041,145.87937104727615,120.65601144257766
60,9,60942,,240,240,0.21933949617480103,0.013652257296274053,0.008940587562380257,266.9274272369272,266.5698177147684,145.83519574485865,120.6193037457545,True,PF00004,PF00041,145.87937104727615,120.65601144257766
60,10,61042,,240,240,0.19250392597187693,0.007030828653712985,0.04873602873961285,266.46775099151796,266.3110285261456,147.59883992448508,120.66483288912755,True,PF00004,PF00041,145.87937104727615,120.65601144257766
60,11,61142,,240,240,0.22621105262134977,0.006784071081945614,0.02197609567192053,266.33184213513687,266.64684872761995,147.51868678119718,120.58297405520821,True,PF00004,PF00041,145.87937104727615,120.65601144257766
60,12,61242,,241,241,0.34048306769066106,0.006092197788467176,0.009340547346988264,266.55860143432653,266.2708556314235,145.58658896531878,120.6380524719947,True,PF00004,PF00041,145.87937104727615,120.65601144257766
60,13,61342,,239,239,0.20385208585088543,0.07733515536268175,0.06650046291633219,269.463944646567,267.9204670771355,146.25197932305952,120.72917527374656,True,PF00004,PF00041,145.87937104727615,120.65601144257766
60,14,61442,,240,240,0.23858442678696792,0.0023429906894801896,0.1028804874835621,266.5356238163253,269.1992704213028,146.04002473524773,120.66044857434468,True,PF00004,PF00041,145.87937104727615,120.65601144257766
60,15,61542,,240,240,0.21672556098272117,0.005971718078374013,0.008669020695061268,266.37151831779624,266.7625802270674,146.04265239047314,120.67724417929152,True,PF00004,PF00041,145.87937104727615,120.65601144257766
60,16,61642,,240,240,0.1942480632213469,0.002227686527961846,0.04387229095568464,266.5282247372294,267.6040645785479,145.7649273115806,120.70119550847106,True,PF00004,PF00041,145.87937104727615,120.65601144257766
60,17,61742,,240,240,0.2625914860393137,0.009005277955724032,0.005650248543572016,266.77808126220185,266.70535981208934,146.10966784881856,120.69334035342496,True,PF00004,PF00041,145.87937104727615,120.65601144257766
60,18,61842,,241,241,0.2510784467848314,0.00904777574859199,0.01529390489185712,266.88063136857346,266.807375142485,145.93091877303993,120.6315174292047,True,PF00004,PF00041,145.87937104727615,120.65601144257766
60,19,61942,,240,240,0.2574962147893027,0.0143864576578362,0.016821186860918328,266.154177031932,267.0181138169415,146.8784085145777,120.68347897717808,True,PF00004,PF00041,145.87937104727615,120.65601144257766
